loss,accuracy,val_loss,val_accuracy,lr
0.17067785561084747,0.88722825050354,2.069694757461548,0.46862950921058655,0.01
0.1646733433008194,0.8937245011329651,2.093944787979126,0.4675779938697815,0.01
0.16294613480567932,0.8962720632553101,0.7632691860198975,0.5439887642860413,0.01
